{"acc": [0.7621993512784014, 0.8359244183667079, 0.8431897319475747, 0.8481780667955372, 0.8529842433796782, 0.8576082616548972, 0.8588903758070886, 0.8602845873869651, 0.8603126117417984, 0.8611463360876205, 0.862176231208757, 0.8623233590611918, 0.862645639125906, 0.8633322356343265, 0.8626666572450373, 0.8635143939348965, 0.8639767958994732, 0.8643130881541318, 0.8645442890560331, 0.8647614777897048, 0.8656372386803045, 0.8654620866271291, 0.8653569952944163, 0.8655881962230437, 0.8656652631875601, 0.8652589100583462, 0.8662677867772217, 0.8665620423330098, 0.8667792312191038, 0.8675569068869965, 0.8672486389888416, 0.8681594306190581, 0.8687829724802734, 0.86942753246062, 0.8678791870840884, 0.8703943726413993, 0.8704013787296899, 0.8712561214877953, 0.8714382797967172, 0.8720688277462232, 0.8727203940929791, 0.872517217519185, 0.8734210027796515, 0.8739884960819522, 0.8739955021652317, 0.8744649099349695, 0.8752075552871048, 0.875866127742196, 0.8760693041585565, 0.8762864930379691, 0.8769871017129488], "loss": [0.4755361684661992, 0.37108574931095534, 0.34349231921130585, 0.33074105607872223, 0.32298891469116403, 0.3172225926744021, 0.3153620569734844, 0.31350203369532603, 0.3141376648129837, 0.3120514178216262, 0.3105719322380134, 0.310423489836798, 0.3091612029579911, 0.3090007999109482, 0.3089646320759594, 0.30785859676479727, 0.3066938322823817, 0.30658211379517314, 0.30606508412083394, 0.30603064093502724, 0.305112603732655, 0.304898132569977, 0.3041210225511362, 0.303439616308011, 0.3034294502615188, 0.30350406416414627, 0.30237461143904243, 0.30140439157952564, 0.30108284872082486, 0.2995003050581463, 0.2995779792610849, 0.2986036673689637, 0.2972329056781707, 0.29613384253715663, 0.2976006982939671, 0.2943300898975498, 0.29330478557692924, 0.29197831846802386, 0.2922286067676089, 0.29022725050361825, 0.2893190640032834, 0.2891721215884724, 0.28787061534115466, 0.2862726231346885, 0.2855339738769983, 0.28477637056516114, 0.2846282565746476, 0.2826747469275211, 0.282055221217545, 0.28113690053878043, 0.28033631252376234], "val_acc": [0.829858338055131, 0.8401361976577273, 0.8411450673209007, 0.8471142122707329, 0.8541132457354835, 0.8559208038330399, 0.8558367313625703, 0.8573710539661784, 0.8584219599172033, 0.8592416663815091, 0.8579595611893097, 0.8593467570748293, 0.858905376499631, 0.8581277062880988, 0.8586951953936126, 0.8603976629556986, 0.8594938838630733, 0.8590525033931082, 0.8581697423830225, 0.8586111229932987, 0.8589894490928727, 0.8604396992260113, 0.8591155577634992, 0.8603976629732376, 0.8608390434256638, 0.8603135905378458, 0.8605868260142552, 0.8602295180673762, 0.860040354973742, 0.8595149019631518, 0.8614275507364895, 0.8591155578161159, 0.8600613730738205, 0.8600193368385858, 0.8611543152250023, 0.8604396992084723, 0.8619530037120019, 0.861448568836568, 0.8621842029531765, 0.8598301738151071, 0.8624994746998984, 0.8608390434081249, 0.8621211485652466, 0.8612804239307067, 0.8624994746998984, 0.8611753333250809, 0.861301442048324, 0.8618689312239934, 0.8623313297589593, 0.8629828914050983, 0.8622052210883328], "val_loss": [0.38806088804131306, 0.35663628298440836, 0.3491701137884763, 0.33096287807403424, 0.3223064886894256, 0.32094633484669455, 0.3223167017307071, 0.31926609410319184, 0.31747858794371214, 0.3165612219711827, 0.316460165707279, 0.31485126649197387, 0.31600661587632967, 0.3152188126897746, 0.3153354510056716, 0.3150172274422087, 0.3157734403925328, 0.3147543184573525, 0.3165471117397471, 0.31553544922476134, 0.31527973773941587, 0.3149439747318794, 0.314452512834065, 0.31429965867060744, 0.31196611065713026, 0.31349569928917187, 0.3123869299011667, 0.3132152017513667, 0.31253177893708484, 0.3156153272923999, 0.3127634271599114, 0.31479839488448647, 0.3128443161324979, 0.3142012906102586, 0.31191816305251285, 0.31248604773377664, 0.3116478932448046, 0.3107810301933339, 0.30961547950496837, 0.31444093195275286, 0.309077817439141, 0.31511770686599555, 0.3121103826286844, 0.3132119857627009, 0.31152665822291176, 0.31188511212414605, 0.3130146961561633, 0.3157216581313997, 0.31339163245577106, 0.3114251481904935, 0.3118352899423007]}