{"acc": [0.7853721802755176, 0.8579291892810367, 0.8862984180815653, 0.9027296958069442, 0.9076008699143409, 0.9111444707802963, 0.9141978901838878, 0.9159237361110839, 0.9189771556345872, 0.9201515476597951, 0.9203966382162834, 0.9212033944356717, 0.923143694649936, 0.9227454224754796, 0.9229905129327516, 0.9249920858057681, 0.925196327778626, 0.9258499023696987, 0.9260847807318886, 0.9248286917536783, 0.926309447087865, 0.9267894161161071, 0.9266668708144284, 0.9263400836025869, 0.9279331717885044, 0.9274838394941123, 0.9278821114701359, 0.927953596234318, 0.927494051427283, 0.9293015940414844, 0.9282803834985068, 0.9301491988913722, 0.9290258674036608, 0.9298121993598423, 0.9298019870979795, 0.9297815632523333, 0.9295773210080001, 0.9308538340406368, 0.9297917750290711, 0.929944956756603, 0.9306598042462514, 0.9298530476719974, 0.9303738652838699, 0.930465774107348, 0.9309661672003644, 0.9307517129759914, 0.9306393797535688, 0.9310989247066891, 0.9310580760920156, 0.9315278329990021, 0.9313542271336532, 0.9313644392756043, 0.9310478641430189, 0.9320997110388072, 0.9320894990794627, 0.9309048945209166, 0.9317831356974414, 0.9321916200241965, 0.9318852566160016, 0.9315278331609134, 0.9316401661222082, 0.9311499851607953, 0.9319669535848297, 0.9317014388905246, 0.933325163763423, 0.9328758311506865, 0.9317422873852863, 0.9324877711181814, 0.9329983760974995, 0.9325490434689371, 0.9332945272852224, 0.9330188003814017, 0.9325490436046747, 0.9317320752433352, 0.9333966482092608], "loss": [0.6066101784483238, 0.4646452764898312, 0.3750766707843164, 0.29539365622858577, 0.2572770007394828, 0.24136182627401404, 0.230371403004417, 0.2264016836124733, 0.2187668127026281, 0.21639371651059294, 0.21461788601129808, 0.21253146375753304, 0.20591439801113132, 0.20856592192088313, 0.2067974398833587, 0.20000745001415102, 0.1992692065650061, 0.19825771497971967, 0.19692364320086372, 0.2013513581835291, 0.19435122433683907, 0.19572743080057192, 0.19324613467268054, 0.19277644498731977, 0.19129890076123013, 0.1915829649425749, 0.19056073364334927, 0.19003856067877914, 0.19147514744444322, 0.18604197123458682, 0.1875795165122827, 0.18364315045488847, 0.18665609560848986, 0.18331863433671977, 0.18530926536177295, 0.1844541795316899, 0.18422050736221776, 0.18325148709934388, 0.1851126150117121, 0.18187839434328587, 0.1808437392551262, 0.18322088470376616, 0.1826160607579248, 0.18034294242986004, 0.18067098142476273, 0.1804257350676507, 0.18101142263088166, 0.1796396598655845, 0.17917391324024282, 0.17779825329241888, 0.17839176817862132, 0.17898058802108244, 0.18061493161228073, 0.17658488964083227, 0.17669708138599421, 0.17937238513388598, 0.17646365841406886, 0.17558575713628283, 0.17778350684077393, 0.17789659500195112, 0.17722882355876046, 0.17918334483315743, 0.17785650895077404, 0.1761577311952428, 0.1736358062546587, 0.17382420818345137, 0.17668898488845794, 0.17466024708734715, 0.17477582387224666, 0.17443450713057707, 0.1718127081055046, 0.17421875997835914, 0.1737136349678356, 0.1766970556284097, 0.17229503892602474], "val_acc": [0.8425035237586715, 0.8706880703173128, 0.8914894928287097, 0.9065620972021751, 0.910636603518171, 0.9146498370080023, 0.9169168548288609, 0.9149868273244215, 0.9212364436517955, 0.9199803928177509, 0.9216347044242172, 0.9221861407924945, 0.9217572457196849, 0.9179584584497046, 0.9244531581824145, 0.9255253961876425, 0.9260768329868582, 0.9213896203249973, 0.927149071638494, 0.9237485456193504, 0.9204399246925832, 0.9217572451572735, 0.9254028556700555, 0.9278230500801193, 0.9277311445933245, 0.9271184359612941, 0.925464125432174, 0.928772746658407, 0.927976227399729, 0.9298143498483121, 0.9284663922346571, 0.9273022483116957, 0.9285889341765324, 0.9239323563299944, 0.9286808398787966, 0.9276698728445063, 0.9299062550721614, 0.9305189640511339, 0.9232890148218644, 0.9292629120557465, 0.930733410617927, 0.9283744863169238, 0.928466393742942, 0.930610869753398, 0.930825316320191, 0.9295692659170851, 0.9301819742496498, 0.9303045157605867, 0.931529930869955, 0.9310091300948813, 0.9265057289215449, 0.9310704008503496, 0.9301513382255078, 0.9296611732591068, 0.9258623853427187, 0.9305189634047261, 0.9301819742496498, 0.9304883271651148, 0.9331229705961303, 0.9306108688915209, 0.930886587506598, 0.9296305372349648, 0.9307640464265997, 0.9318975548403541, 0.9307027753241893, 0.9303657863005858, 0.9316524730272996, 0.9269652593720887, 0.9297224435836368, 0.9301207039251199, 0.9291097360289525, 0.9277311432530326, 0.9308865877220673, 0.9298756209032463, 0.9295999025036384], "val_loss": [0.49925861409186556, 0.42463516677560253, 0.3325206633292243, 0.2713488660934005, 0.2546381390980007, 0.2358189047745108, 0.22727764283231744, 0.23573168087904742, 0.22127612949579006, 0.2194168519222534, 0.21157518911267473, 0.2118766131173395, 0.2129779721201507, 0.21983873627216644, 0.20598467496156356, 0.20524592766369698, 0.20048739061341128, 0.20757525947377944, 0.19557381383483516, 0.20122019548139605, 0.2115489882660967, 0.21005756591170685, 0.19706712591137548, 0.19252407545151135, 0.19191861527620246, 0.19528613254271787, 0.19566371781657588, 0.18841444349951417, 0.1905558653315977, 0.1902938073398392, 0.18836723485053458, 0.20042241789128046, 0.19404904441366475, 0.20146858835602338, 0.19108337875521583, 0.19017671043984877, 0.19190455632323428, 0.19478691373357995, 0.19741680873305137, 0.19634662222266233, 0.18518830454091684, 0.18665493938200658, 0.18576418960984084, 0.18535988714558976, 0.18854864281763978, 0.1856819483080694, 0.18485380240890822, 0.1836469539309182, 0.18740015903452537, 0.18367983568084276, 0.18699739718198352, 0.1843234633066061, 0.186897946697964, 0.18239981441398906, 0.19097670245244364, 0.18067245949104233, 0.18251064891587593, 0.18242133207238923, 0.1831631676064688, 0.1858781377587071, 0.1818447504835118, 0.18133733539022248, 0.18174347298346594, 0.18279151241774652, 0.17895172582662514, 0.18141406942422567, 0.18711148454500073, 0.1857384319570849, 0.18241484779753847, 0.17953335044376115, 0.18085238373580498, 0.18381251734112797, 0.18979099964797516, 0.18361809823809722, 0.18312122099291905]}