{"acc": [0.7814801062544756, 0.8324984411975548, 0.8402892114018963, 0.8529422068315596, 0.8560459039727472, 0.8581056937661051, 0.85989224642264, 0.860704952686079, 0.8618679633389985, 0.862197249468618, 0.8630800166016013, 0.8627437243536241, 0.8630660044350421, 0.8633742721640708, 0.8637385889025997, 0.8641519481034006, 0.8638506863152513, 0.864950642163532, 0.8652519039683851, 0.8645723134108664, 0.8653219647072219, 0.8655181353301141, 0.8661206587840572, 0.866414914622975, 0.866681145993056, 0.8667442007776502, 0.8670174382310107, 0.8671995963691361, 0.8674868459890559, 0.867844156652657, 0.8676409800905557, 0.8680403269673639, 0.8683135645681356, 0.8688320150866158, 0.8690351916620802, 0.8693504656201294], "loss": [0.45510330609534855, 0.3757442288484333, 0.34374940584400665, 0.32626522125631424, 0.3211460381989124, 0.31669652006847504, 0.31525465833408567, 0.3126964000291361, 0.3122522601688642, 0.31121211607722815, 0.3099809836070315, 0.3096529623475818, 0.3087465934993101, 0.30827134334666795, 0.3074117928130959, 0.3065828270905088, 0.3065458614246764, 0.30584168642272613, 0.30563396867701986, 0.3057016905285183, 0.3049316370902637, 0.30393786499174436, 0.30314626504776193, 0.3030604727649083, 0.30229033675092093, 0.30207924984967244, 0.3012263054198206, 0.300539654268415, 0.3009243389354602, 0.29954111250314147, 0.2998297077649515, 0.29906950403945076, 0.2984410909320257, 0.2973631855715851, 0.2970622963083941, 0.29643418562147256], "val_acc": [0.8251502796386809, 0.827378200088585, 0.8483963174453935, 0.8539451006717723, 0.8562991298799973, 0.8574761444139543, 0.8569296734786744, 0.8589474126997879, 0.8572239270376234, 0.8599142462329599, 0.8596199925336998, 0.8597881375097167, 0.8593257389396731, 0.8610282064666814, 0.8607129346673428, 0.8603976629381598, 0.859662028716318, 0.8581066879950925, 0.8611753332724642, 0.8594938838279955, 0.8613434781432477, 0.8609231157909, 0.8601454454215178, 0.8617218043480551, 0.8604817353910904, 0.8611963513023871, 0.8602084997568311, 0.8603766447153091, 0.8603135903624569, 0.8599352642979606, 0.8593047207168224, 0.8596620288215513, 0.8607549708148832, 0.8613855144486381, 0.8607339527849602, 0.8604186810206994], "val_loss": [0.39198134937439316, 0.36623749646429327, 0.3353567704914788, 0.3268687764780183, 0.3212474270783776, 0.3186020107210958, 0.31890322102579927, 0.316149076532158, 0.31988613013762374, 0.31615225246201256, 0.31608399626280553, 0.31619529901088433, 0.31784117710540755, 0.3141627733867483, 0.31416633324277543, 0.31471112607516516, 0.31540729999893014, 0.31974818736554056, 0.3131369955778533, 0.3145230928702685, 0.31289997364389394, 0.3130836309849066, 0.3139710692758743, 0.31311359349994483, 0.31431246347037306, 0.31138036474588665, 0.3132252247726197, 0.3138378942502372, 0.31184207237660294, 0.31360808200531304, 0.31342229164911, 0.3119674793703468, 0.31260399210773243, 0.31143004165816623, 0.31363860354221473, 0.31168012687119534]}