{"acc": [0.7051277560003544, 0.765639340589058, 0.7864334106776883, 0.7999831854219275, 0.8088669053812478, 0.8145278247251645, 0.8183601550135093, 0.8223816497224522, 0.8254713346603322, 0.8276432220321271, 0.8296049267318151, 0.8307048826034812, 0.8313424366279147, 0.8327856908274968, 0.8329258125699259, 0.8286591047958635, 0.8258987060310329, 0.825064981512744, 0.825772596446811, 0.8269846497227767, 0.8276782524435139, 0.8282947882247903, 0.8296539693498501, 0.8309290774371363, 0.832379337694942, 0.8337875614480592, 0.8343340363180319, 0.8354269861030776, 0.8361906497100628, 0.8382714579273969, 0.8415643194490932, 0.8454386862922381, 0.8485914260230641, 0.8489207121643764, 0.8499996497444441, 0.8517161414023978, 0.8522906406272037, 0.8528511277038248, 0.853075322529128, 0.8534396391018715, 0.8542593514419086, 0.8544274975759194, 0.8552121794461063, 0.8552752342607675, 0.8539090470257019, 0.8549389420194718, 0.8555905082154758, 0.8556045202513276, 0.856158001382058, 0.8556115264786777, 0.8558147030541421, 0.8560669220751747, 0.8564872875283812, 0.8553663133717985, 0.8561439891887727, 0.8556535630251257, 0.8561650074486337, 0.8568445978737748, 0.856606390880242, 0.8567254945219139, 0.8566554334899251, 0.8563471657492037, 0.8565153118832145, 0.8565783666661384, 0.8568375919479286, 0.8568586102027785, 0.8574120911810865, 0.8573910729011809, 0.8572019085306944, 0.8559688369915268, 0.8570267563284374, 0.8574190972660365, 0.8575942493225527, 0.8579025173631076, 0.8575171825071177, 0.8582458156693086, 0.8572999937717757, 0.8574120911710642, 0.8577343710883671, 0.8580636573937943, 0.8582948583007067, 0.8581477304415903, 0.858000602595837, 0.8581897669846977, 0.8580146147724185, 0.8589674427615828, 0.8590164853896401, 0.8585680957290115, 0.8579515599661093, 0.8589254062568942, 0.858294858297366, 0.8585680957440449, 0.8586871992499984, 0.8585050409510988, 0.8586171383503873, 0.8589744488749292, 0.8587012114249095, 0.8595349359248242, 0.8594158324172003], "loss": [0.586232627088671, 0.47978232222455186, 0.4503899516005182, 0.43066899866496483, 0.4177125259960041, 0.4082239063974512, 0.4013492413231132, 0.3951428801352277, 0.3884221365549647, 0.38378240025370963, 0.3790873247467751, 0.37460679483889925, 0.3712829787069048, 0.36672554564006804, 0.3636613856004918, 0.3607044800568209, 0.35748695913727385, 0.3551543608840168, 0.35247437542600796, 0.34875245319358184, 0.34719385546235754, 0.34617987940603634, 0.345751510382168, 0.3430025150050663, 0.34165799526167784, 0.340511300811605, 0.3402108646319105, 0.33862352423289965, 0.3375201223054978, 0.33693530859699017, 0.3363425753079492, 0.3353041292406562, 0.33334251904489615, 0.3344945565987205, 0.33273453343242226, 0.3309601987588275, 0.33081699313781554, 0.33080760885518384, 0.33074290650346394, 0.3309626881467142, 0.32922201410330476, 0.3291845260909758, 0.32894271674827547, 0.3273534525839125, 0.32948851807695095, 0.3268962341135305, 0.3262014209405247, 0.32658970428294193, 0.3255276665779816, 0.3267731742926437, 0.3253853515359613, 0.3257103048422466, 0.3253678106573377, 0.32584815887647395, 0.3251871020490256, 0.3253495246638614, 0.32492503716233684, 0.32386890879481356, 0.3241708337240465, 0.3243740001659321, 0.3252857455518961, 0.32408078662008655, 0.3238264318453622, 0.32383152008500127, 0.3236807760035716, 0.32258745192839183, 0.32197061469668603, 0.3227388678728028, 0.32232582107616753, 0.3240572920286679, 0.32268254803201235, 0.3221095327850909, 0.32168902171198227, 0.3210774935581458, 0.32122867339745614, 0.3214347730240295, 0.32126433750005473, 0.3222596421826845, 0.3208910991084128, 0.320433706243091, 0.32066315974709175, 0.32082516016524876, 0.3205716887167191, 0.3204867907994034, 0.3206900855499824, 0.31915150287310307, 0.31924392375303584, 0.32052300553453195, 0.3206528157790666, 0.31882075180356473, 0.3198907127363367, 0.3196647198997349, 0.3191279159513406, 0.3195793304603098, 0.319171597322983, 0.31976137009300265, 0.3195213385675224, 0.3184418873603502, 0.3186838980969947], "val_acc": [0.7544453321291382, 0.7747698514993396, 0.7941485559074919, 0.8046786330091913, 0.8116566480932412, 0.8147883476533095, 0.820400185004535, 0.8240783556051164, 0.8253394426796985, 0.8280507798172636, 0.8291647401211406, 0.8307621170951397, 0.8313085881531918, 0.8315187693469045, 0.8273151458585051, 0.8250451890856718, 0.821997561996073, 0.8239942832223414, 0.8242044644160541, 0.8229643954590894, 0.827125982729793, 0.8272731096232703, 0.8292908488970004, 0.8289125228675819, 0.8315608051461727, 0.8319811675160593, 0.8318130225575814, 0.83277985598552, 0.8345453784065803, 0.835007776435424, 0.8431838242762817, 0.8429105886946391, 0.8376770773552932, 0.8461894150254125, 0.848858716032976, 0.8497414769729063, 0.849573332031967, 0.8505191472896717, 0.8500777668723233, 0.8499936944895481, 0.850540165424828, 0.8501408212427143, 0.8506242379654531, 0.8522426330395307, 0.8512547814764357, 0.8510656183477238, 0.8519273612226532, 0.8529992852562177, 0.8503720204838889, 0.8515700532231577, 0.8519273611700366, 0.8518853249698796, 0.8515700532582354, 0.8512757995940532, 0.8525999410214874, 0.852452814145549, 0.8520744880810527, 0.8520114337457394, 0.8525579048037915, 0.8520534699458965, 0.8517171800289405, 0.8526840135445736, 0.8508344191065491, 0.8508554372592443, 0.8516120894583925, 0.8515069988878444, 0.8515910713758529, 0.8528941946155141, 0.8489007523208274, 0.8457690527607591, 0.8510656184354182, 0.8519273612226532, 0.8527470677746536, 0.8529572490385218, 0.8521585605339834, 0.8534827019614176, 0.8519063431401136, 0.8520955061460534, 0.8525368865984797, 0.8527050315569576, 0.8525158685860956, 0.8531674301796179, 0.8536928831902081, 0.851969397457888, 0.8525368866335574, 0.8532094663973138, 0.852852158432896, 0.8503299842837319, 0.8536718650024352, 0.8532515026150097, 0.8523687416575406, 0.8532094664323916, 0.8538610280960695, 0.8512127452236621, 0.8504771110719759, 0.8512968177642872, 0.8525368866335574, 0.8531253939268443, 0.8527050316095743],