{"acc": [0.6951791106375477, 0.7756790651464148, 0.7968864943957568, 0.806688011929514, 0.8133437958240767, 0.8169589373653867, 0.8193970560771958, 0.822991179385371, 0.8239510134695076, 0.8241962265713757, 0.8269496192796527, 0.8276081915606066, 0.8295698963154172, 0.8304946999347148, 0.8326105386152175, 0.8344671520089187, 0.8395325538564757, 0.8461953438359883, 0.8481920789938336, 0.8482201033436558, 0.8486474747176973, 0.8506442098788835, 0.850469057669945, 0.852031415352095, 0.8510645751796677, 0.8525428598090106, 0.8526409450601142, 0.8525078293708978, 0.8523887258766369, 0.8545606132300577, 0.8531453833970017, 0.8541682722957995, 0.8535727548027806, 0.8536147913358657, 0.8538950348574724, 0.8543854610294712, 0.855219185534397, 0.8553873316550448, 0.8550440333388216, 0.8556185325719795, 0.8546446862995688, 0.8550650516020234, 0.8553312829654228, 0.8552121793053766, 0.8561509952737226, 0.8562140500783615, 0.8564592631818999, 0.856431238807022, 0.8567815432165471, 0.8558777578337251, 0.8563541718558686, 0.857384066829594, 0.8565853727494179, 0.8570547805258373, 0.8574681398473232, 0.8570337622759985, 0.8562560864590243, 0.8571808902541296, 0.8579235356279798, 0.8578955112681353, 0.8574471216125179, 0.8578604808149891, 0.8566274092925253, 0.8565923788577533, 0.858028626940648, 0.8582107852495698, 0.8583228825031176, 0.8577063468976489, 0.8580846756419627, 0.8588693575372054, 0.8584139617966379, 0.8581407243449477, 0.8592126558567693, 0.8584840226828858, 0.8582668339492142, 0.8586801931617076, 0.8583439009170714, 0.8590094793113717, 0.8580986878319071, 0.8590024732297625, 0.8597801489949549, 0.8585751018456987, 0.8582458156810012, 0.8591706193453992, 0.8586381564828818, 0.8594788872318614, 0.8593527776292653], "loss": [0.5909528640925754, 0.4682350582767891, 0.43777700005580833, 0.4230721461009805, 0.4122206758385613, 0.4059310007497732, 0.4004265689658511, 0.39247362100290367, 0.38814626839212485, 0.3868118588040509, 0.37941101249197906, 0.37436366843036206, 0.3683549672966317, 0.3618845472390821, 0.3545733652757598, 0.34936515128478973, 0.34528939469176845, 0.34330057465892233, 0.3404121360692834, 0.34056642496880585, 0.34109554172015705, 0.3371030904468704, 0.3369460999410266, 0.3345996005232887, 0.33549206954964866, 0.33345826986652294, 0.3335299631555459, 0.33319874490762225, 0.3337598522645875, 0.33086918285649836, 0.33159063077758544, 0.3300101476051701, 0.3310357690054588, 0.3301944011215668, 0.3300519784944426, 0.32939582669354023, 0.32867781058985607, 0.3286533183342036, 0.3280055073210211, 0.3273883362395377, 0.32847145165303193, 0.32749336861675776, 0.3263887131980346, 0.32592453296899315, 0.3262611808397545, 0.3260092206355837, 0.3252568091879103, 0.32498871114298883, 0.32408435812941594, 0.32444298756473117, 0.3252359565526503, 0.32348179755854944, 0.3253229502754374, 0.3243331252304205, 0.32211572437400865, 0.3241516210172571, 0.32536076301913947, 0.32236121026151354, 0.32185843268901915, 0.32209170762881373, 0.3230370515836046, 0.3218659101205829, 0.3243683473769786, 0.3235134918109036, 0.32092973147225146, 0.3215398004575464, 0.3210279817249038, 0.3213663664983492, 0.3209485732785287, 0.32042888018383586, 0.3204864866078778, 0.32113258977195014, 0.3203369930885465, 0.3200676180435617, 0.3204360014334551, 0.32028297833805447, 0.3200353265777894, 0.3202950530863974, 0.3205960136702898, 0.31902712579365916, 0.31904316785702475, 0.31938718012253803, 0.3214929824767144, 0.3185027613966007, 0.3202952100947525, 0.31857812762908544, 0.3186810853608108], "val_acc": [0.7656059521129259, 0.790701584705935, 0.8027870023710099, 0.8122451552988337, 0.8128756988273552, 0.8161755433459015, 0.8153138005235887, 0.8230905040595604, 0.8252343521442282, 0.826243221754785, 0.8259489681607582, 0.824898062139578, 0.8270629283067853, 0.830972298201158, 0.8330110557328166, 0.8344192695781038, 0.8434780783588917, 0.8459792338141607, 0.8469040310419425, 0.8472613391642102, 0.8457270164904466, 0.8483122449924628, 0.8490058428562977, 0.8473454116697575, 0.8500567487722448, 0.8490688972968443, 0.848732607432505, 0.8483122449573851, 0.8495733321021226, 0.8489217703858282, 0.8507713648238525, 0.8495312960071989, 0.850077766907401, 0.8508134010766262, 0.8503930387418174, 0.8475135566808522, 0.8493000967309465, 0.8512337633588184, 0.8514019082997575, 0.8493841691838773, 0.8508974735295569, 0.8525368867387908, 0.8505401654423669, 0.8518643068698011, 0.8519273613278866, 0.851906343227808, 0.8517592163694085, 0.8508344191767047, 0.8522005968744515, 0.8524317961507039, 0.8514229263822971, 0.8514019084049907, 0.8523687418504683, 0.8523687418504683, 0.8514859807000715, 0.8494892595088809, 0.8522426330746085, 0.8533145571257118, 0.8520955062863645, 0.8527260498148861, 0.8531674301971568, 0.8517171800815572, 0.8522636511571481, 0.8530833577793039, 0.8530413214914525, 0.852894194790903, 0.8531043758793824, 0.8493841689383329, 0.8536298289075115, 0.8523477236977731, 0.8523477235048454, 0.8541762999129469, 0.8535037201491905, 0.8538189918959124, 0.8509605279174868, 0.8550800790055723, 0.8544705535595902, 0.8546176803478343, 0.8534616838438002, 0.8533776113908695, 0.8539240824138438, 0.8543444448538859, 0.8546597165479912, 0.8536298288724338, 0.8537349194429817, 0.854092227495094, 0.8530623396792254], "val_loss": [0.4953338483292036, 0.4543813667883563, 0.42905829195226797, 0.4168619470115447, 0.41404377380111557, 0.4092990119861942, 0.4057228007291634, 0.3929853690262375, 0.38925665885584615, 0.3847782276115099, 0.3797615714998533, 0.3782099030877158, 0.3737773414698248, 0.35919841448612977, 0.35182116816662123, 0.3480362745613502, 0.34770465837490505, 0.3446760304957131, 0.3427638739473988, 0.34310833078684705, 0.3452399428991017, 0.33912732556792397, 0.33945616939173173, 0.3415013527646182, 0.33813948834537233, 0.33883206526700643, 0.3389581879161236, 0.3415205194813902, 0.3366435209711301, 0.3396138455381289, 0.3356371126773654, 0.33581056720477154, 0.33471520142535394, 0.3343842541493976, 0.3349666052805911, 0.33745676061209995, 0.33544472205823794, 0.3350466218039389, 0.33413613494254635, 0.3347446565066507, 0.3345970578284666, 0.3307581755090589, 0.33185939452397506, 0.3336029205748611, 0.33127087560616647, 0.3313571833497845, 0.330521330671476, 0.33274325767252544, 0.33150404507036774, 0.33143281562315613, 0.330270765382859, 0.3318524297792367, 0.3297349036007993, 0.32980054868736364, 0.3339986202182042, 0.3376930744962978, 0.32946730136841273, 0.3307021654034539, 0.33180698141799536, 0.32986305269007776, 0.3294041146921968, 0.3327191337417537, 0.3294010048050103, 0.3297997549714284, 0.3297503346229563, 0.330255861863938, 0.32887085556026824, 0.33788483133782676, 0.3283689670526865, 0.33101540717718214, 0.3318624368375996, 0.3294489460179572, 0.3284403385097369, 0.3277065239258214, 0.3339149698973995, 0.32677921895957984, 0.3261552192450842, 0.3276160402202562, 0.3271135636238689, 0.33071189357977937, 0.32830019884334194, 0.32814623420293315, 0.32722536366069754, 0.3281889594156458, 0.3278155106366961, 0.32765112958913933, 0.32914559241401337]}