{"acc": [0.719707425745045, 0.7809616557276435, 0.8010200864822732, 0.8096235628915904, 0.8150532813503096, 0.8192359160799169, 0.8225778201895814, 0.8247847379794446, 0.8269916557960341, 0.8283928734875866, 0.8295839084719541, 0.8309500956719416, 0.8329188065066909, 0.8333461778824028, 0.8343060119698802, 0.8341728962806637, 0.8347894320619401, 0.835798308804201, 0.8363027471277256, 0.8361836436484982, 0.8364638871650938, 0.8360645401475558, 0.8375498308752117, 0.8375358186986304, 0.8370453923842315, 0.8383345127654434, 0.8385306832409244, 0.838586731942239, 0.8381033116994271, 0.8392242859616615, 0.8399248947740302, 0.8397987852115233, 0.8397077060436993, 0.8409758080360131, 0.842173849133727, 0.8434069206595315, 0.8452495218833328, 0.8460972585715216, 0.8481290241958763, 0.8495162296523842, 0.8503779785321879, 0.8512046969438118, 0.8527740607192638, 0.8527460363594194, 0.85299825555793, 0.8533695782323273, 0.8544975584387821, 0.8545816314932596, 0.8540771931480201, 0.8557726663736458, 0.8561159648255875, 0.8555274534041555, 0.8562070439884003, 0.8561720135469467, 0.856641421465766, 0.855625538663611, 0.8571528659193408, 0.8565503422895901, 0.8567745371449602, 0.8578814990965651, 0.8575732312000806, 0.8573280181199274, 0.8580986878285664, 0.8576012555682768, 0.8575241885903974, 0.8582037791328827, 0.8579095234530687, 0.8582247974177994, 0.8584980348694896, 0.8586521687918409, 0.8586171383520578, 0.8583789313601954, 0.8588413331756906, 0.8586171383453762, 0.858245815684342, 0.8590655280009937, 0.8587922904252777, 0.8591706193387176, 0.8590725341059883, 0.8593387654343096, 0.8589674427816274, 0.8598151794531124, 0.8597871549675717, 0.8595349359148019, 0.8584559983330637, 0.8596820637789294, 0.8603266239050168, 0.859576972447887, 0.8596260149335443, 0.8595629602629536, 0.8595559540439556, 0.8597521245144255, 0.8597941610508514, 0.8597591307451162, 0.8595279296958038, 0.8603196176659742, 0.8598291916463977, 0.8600043438352916, 0.8602215325856671, 0.8604036908879075, 0.8602425508405169, 0.8598291916380457, 0.8603966847812425, 0.8602495569405004, 0.8600393742750748, 0.8599553012256084, 0.8598081733831958, 0.859745118573546, 0.8599132646808306, 0.8603686604381019, 0.8604106969594943, 0.8603896787129964, 0.8597661368317365, 0.8606839344212068, 0.8603756665280631, 0.8611813666814964, 0.8604597395875517, 0.8603056056368039, 0.8598081733715032, 0.8609431596712598], "loss": [0.5911909328319627, 0.4737892998315699, 0.43338990627745916, 0.4194343240437654, 0.41048237806730115, 0.40332467245054043, 0.3977329330446741, 0.394511298235788, 0.3903967082735564, 0.38810827971297357, 0.38565284053920845, 0.38239861760164323, 0.3791492979559326, 0.37820526318695336, 0.37670014280916864, 0.37466409135641365, 0.37391413790138694, 0.3722476621287347, 0.370835225843145, 0.37058970418212106, 0.36902983955476293, 0.368911575523102, 0.36566679498784393, 0.36637129674170266, 0.36610188533731236, 0.3635106884482249, 0.3610805121287245, 0.3603304367636099, 0.3614572477536718, 0.3577761193762248, 0.3560616263119173, 0.35494046141007307, 0.3545800985176535, 0.3511165093742285, 0.34965073417935066, 0.3474092086573109, 0.34664604829621726, 0.3433853043974146, 0.3408777318567521, 0.33871680654262093, 0.3359980333606673, 0.3336665907738763, 0.33198090675769437, 0.3309417681677227, 0.3301368855867469, 0.32893169393340355, 0.3281272146128254, 0.32711651682470344, 0.3287850802889484, 0.32604416192313296, 0.32537831680688983, 0.3260539927006496, 0.3240817790098816, 0.3245317536588767, 0.32367536949213394, 0.32551581461073154, 0.32255230987141226, 0.3242382890068597, 0.3221993232148711, 0.320788924785665, 0.32201026804161553, 0.3216958200377901, 0.3202647722172159, 0.3211697603476713, 0.3207100532997464, 0.3203400278808776, 0.3207401440617523, 0.31904680901583876, 0.3197847122280649, 0.3184559286878052, 0.3196529365185627, 0.3183507094452026, 0.3183778063168856, 0.3182402676630263, 0.31803273365303375, 0.3173846507349231, 0.3188313810871768, 0.3182504484381084, 0.31820581841999823, 0.3175060110941034, 0.31726639977671267, 0.3167043699093232, 0.3162332909595277, 0.3170126578503871, 0.31892861692939317, 0.3164974539733096, 0.315741318039, 0.31663536818616655, 0.3160546285428035, 0.31673694361801547, 0.3165553205223309, 0.3159330781635162, 0.3167709117838304, 0.3161099893749138, 0.31575532075454, 0.31630273865473985, 0.31556073968287035, 0.3161298450491706, 0.3153814048143553, 0.31514075367939787, 0.31546457323149196, 0.316256726127538, 0.31489723185666313, 0.31526509384674883, 0.31602204768091074, 0.3144666479330814, 0.316042354452789, 0.31549246655699775, 0.31523454247743016, 0.31457533223785694, 0.31481041369536855, 0.3148399936425662, 0.3154367115843559, 0.3149924878312553, 0.3146454092019456, 0.3139685332035137, 0.3145684594773388, 0.31507243838411503, 0.3155537848126559, 0.3139852394953814], "val_acc": [0.7727731303081491, 0.7940855015721787, 0.8057085207373654, 0.8081886587039114, 0.8165328514506304, 0.8194543698169859, 0.8236159571753839, 0.8225860693770543, 0.8264323849887304, 0.8255286058785661, 0.8289965953205126, 0.8300685193014604, 0.831350624476121, 0.8262642399250191, 0.8320232042574162, 0.8336205811963375, 0.8312455338529563, 0.8328849470972679, 0.8353440668058855, 0.8344402877658768, 0.8327378202388684, 0.8355542480346759, 0.834734541430059, 0.8309092440412336, 0.8365631176803104, 0.8368573713094151, 0.8350287951117802, 0.836142755292885, 0.8370465343855104, 0.8381604946367708, 0.8357013748579977, 0.8363529364865977, 0.8377821684495023, 0.8379923496782927, 0.8369414438149623, 0.8408508131681351, 0.8427424437537, 0.8431628061937421, 0.8453907266261073, 0.8483122450801572, 0.8495312958668879, 0.8479339190507387, 0.8501198033004858, 0.8470301399405744, 0.8519273613805032, 0.8512757997869809, 0.8520534701037464, 0.8530833579546927, 0.8524948505737115, 0.8490268611493039, 0.8479759552333568, 0.8540501914352481, 0.8541342638180232, 0.8488797343785989, 0.8505191475352161, 0.8536298290302837, 0.8512968179747538, 0.8540922275827884, 0.8547648073465448, 0.8540081551298577, 0.854071209465171, 0.854449535582284, 0.8530413217369969, 0.8545756443230661, 0.8540922275652495, 0.8549119341698664, 0.855542477715927, 0.8555004414456144, 0.8551851696638147, 0.8560469125036664, 0.8562991299676918, 0.8559418219681961, 0.855752658857023, 0.8558577494977266, 0.8561730213321429, 0.8561099668389797, 0.8556685864216312, 0.8552061878691265, 0.85180125265726, 0.853861028306536, 0.8561099669091352, 0.8556896045743264, 0.857139854689926, 0.8547858255167788, 0.8510025642930327, 0.8562150574796833, 0.8573500358485611, 0.8557106226393272, 0.8564042204680842, 0.856194039362066, 0.855542477715927, 0.855710622656866, 0.8570978184546912, 0.857034764119378, 0.8565933835792574, 0.8566984742550388, 0.857139854689926, 0.8566774561023436, 0.8571608728601601, 0.8563832024381612, 0.8534616840893445, 0.8555004414280755, 0.85728698147817, 0.8572659633780915, 0.8561099668740575, 0.8565303291913274, 0.8543444450117359, 0.8574341083365694, 0.8570978184546912, 0.8574551264015702, 0.8571188365898476, 0.8568245828730486, 0.8573920720662569, 0.8527050318200409, 0.8582748330763427, 0.8565303292439441, 0.8570557822545343, 0.8554163690277615, 0.8552692422395176, 0.8570557821668399],